web-scraper-order,web-scraper-start-url,pagination-selector,data2,data3,price,time-scraped
1758593200-1,https://mobileone.co.jp/sell.html?cat1=140&cat2=144&page=1#ctz,,iPhone 16e 128GB,JAN: 4549995558999,"新品  ¥82,500",2025-09-23 11:06:40
1758593200-2,https://mobileone.co.jp/sell.html?cat1=140&cat2=144&page=1#ctz,,iPhone 14 Pro Max 128GB,JAN: 14 Pro Max 128GB,"新品  ¥110,000",2025-09-23 11:06:40
1758593200-3,https://mobileone.co.jp/sell.html?cat1=140&cat2=144&page=1#ctz,,iPhone 14 128GB,JAN: 14 128GB,"新品  ¥75,000",2025-09-23 11:06:40
1758593200-4,https://mobileone.co.jp/sell.html?cat1=140&cat2=144&page=1#ctz,,iPhone 14 Pro Max 256GB,JAN: 14 Pro Max 256GB,"新品  ¥125,000",2025-09-23 11:06:40
1758593200-5,https://mobileone.co.jp/sell.html?cat1=140&cat2=144&page=1#ctz,,iPhone 14 256GB,JAN: 14 256GB,"新品  ¥85,000",2025-09-23 11:06:40
1758593200-6,https://mobileone.co.jp/sell.html?cat1=140&cat2=144&page=1#ctz,,iPhone 14 Pro Max 512GB,JAN: 14 Pro Max 512GB,"新品  ¥135,000",2025-09-23 11:06:40
1758593200-7,https://mobileone.co.jp/sell.html?cat1=140&cat2=144&page=1#ctz,,iPhone 14 512GB,JAN: 14 5126GB,"新品  ¥87,000",2025-09-23 11:06:40
1758593200-8,https://mobileone.co.jp/sell.html?cat1=140&cat2=144&page=1#ctz,,iPhone 14 Pro Max 1TB,JAN: 14 Pro Max 1TB,"新品  ¥140,000",2025-09-23 11:06:40
1758593200-9,https://mobileone.co.jp/sell.html?cat1=140&cat2=144&page=1#ctz,,iPhone 14 Plus 128GB,JAN: 14 Plus 128GB,"新品  ¥80,000",2025-09-23 11:06:40
1758593200-10,https://mobileone.co.jp/sell.html?cat1=140&cat2=144&page=1#ctz,,iPhone 14 Pro 128GB,JAN: 14 Pro 128GB,"新品  ¥110,000",2025-09-23 11:06:40
1758593200-11,https://mobileone.co.jp/sell.html?cat1=140&cat2=144&page=1#ctz,,iPhone 14 Plus 256GB,JAN: 14 Plus 256GB,"新品  ¥93,000",2025-09-23 11:06:40
1758593200-12,https://mobileone.co.jp/sell.html?cat1=140&cat2=144&page=1#ctz,,iPhone 14 Pro 256GB,JAN: 14 Pro 256GB,"新品  ¥112,000",2025-09-23 11:06:40
1758593200-13,https://mobileone.co.jp/sell.html?cat1=140&cat2=144&page=1#ctz,,iPhone 14 Plus 512GB,JAN: 14 Plus 512GB,"新品  ¥96,000",2025-09-23 11:06:40
1758593200-14,https://mobileone.co.jp/sell.html?cat1=140&cat2=144&page=1#ctz,,iPhone 14 Pro 512GB,JAN: 14 Pro 512GB,"新品  ¥124,000",2025-09-23 11:06:40
1758593200-15,https://mobileone.co.jp/sell.html?cat1=140&cat2=144&page=1#ctz,,iPhone 14 Pro 1TB,JAN: 14 Pro 1TB,"新品  ¥130,000",2025-09-23 11:06:40
1758593200-16,https://mobileone.co.jp/sell.html?cat1=140&cat2=144&page=1#ctz,,iPhone Air 256GB,JAN: iPhone Air 256GB,"新品  ¥160,500",2025-09-23 11:06:40
1758593200-17,https://mobileone.co.jp/sell.html?cat1=140&cat2=144&page=1#ctz,,iPhone Air 512GB,JAN: iPhone Air 512GB,"新品  ¥191,500",2025-09-23 11:06:40
1758593200-18,https://mobileone.co.jp/sell.html?cat1=140&cat2=144&page=1#ctz,,iPhone Air 1TB,JAN: iPhone Air 1TB,"新品  ¥221,500",2025-09-23 11:06:40
1758593200-19,https://mobileone.co.jp/sell.html?cat1=140&cat2=144&page=1#ctz,,iPhone 17 256GB,JAN: iPhone 17 256GB,"新品  ¥120,000",2025-09-23 11:06:40
1758593200-20,https://mobileone.co.jp/sell.html?cat1=140&cat2=144&page=1#ctz,,iPhone 17 512GB,JAN: iPhone 17 512GB,"新品  ¥150,000",2025-09-23 11:06:40
1758593200-21,https://mobileone.co.jp/sell.html?cat1=140&cat2=144&page=1#ctz,,iPhone 17 Pro 256GB,JAN: 17 Pro 256GB,"新品  ¥181,000",2025-09-23 11:06:40
1758593200-22,https://mobileone.co.jp/sell.html?cat1=140&cat2=144&page=1#ctz,,iPhone 17 Pro 512GB,JAN: 17 Pro 512GB,"新品  ¥214,000",2025-09-23 11:06:40
1758593200-23,https://mobileone.co.jp/sell.html?cat1=140&cat2=144&page=1#ctz,,iPhone 17 Pro 1TB,JAN: 17 Pro 1TB,"新品  ¥248,000",2025-09-23 11:06:40
1758593200-24,https://mobileone.co.jp/sell.html?cat1=140&cat2=144&page=1#ctz,,iPhone 17 Pro Max 256GB,JAN: 17 Pro Max 256GB,"新品  ¥214,000",2025-09-23 11:06:40
1758593203-25,https://mobileone.co.jp/sell.html?cat1=140&cat2=144&page=1#ctz,https://mobileone.co.jp/sell.html?cat1=140&cat2=144&page=2#ctz,iPhone 17 Pro Max 512GB,JAN: 17 Pro Max 512GB,"新品  ¥248,000",2025-09-23 11:06:43
1758593203-26,https://mobileone.co.jp/sell.html?cat1=140&cat2=144&page=1#ctz,https://mobileone.co.jp/sell.html?cat1=140&cat2=144&page=2#ctz,iPhone 17 Pro Max 1TB,JAN: 17 Pro Max 1TB,"新品  ¥280,000",2025-09-23 11:06:43
1758593203-27,https://mobileone.co.jp/sell.html?cat1=140&cat2=144&page=1#ctz,https://mobileone.co.jp/sell.html?cat1=140&cat2=144&page=2#ctz,iPhone 17 Pro Max 2TB,JAN: 17 Pro Max 2TB,"新品  ¥339,000",2025-09-23 11:06:43
1758593203-28,https://mobileone.co.jp/sell.html?cat1=140&cat2=144&page=1#ctz,https://mobileone.co.jp/sell.html?cat1=140&cat2=144&page=2#ctz,iPhone 16 Pro 128GB,JAN: 4549995532562,"新品  ¥154,500",2025-09-23 11:06:43
1758593203-29,https://mobileone.co.jp/sell.html?cat1=140&cat2=144&page=1#ctz,https://mobileone.co.jp/sell.html?cat1=140&cat2=144&page=2#ctz,iPhone 15 128GB,JAN: 4549995430394,"新品  ¥85,000",2025-09-23 11:06:43
1758593203-30,https://mobileone.co.jp/sell.html?cat1=140&cat2=144&page=1#ctz,https://mobileone.co.jp/sell.html?cat1=140&cat2=144&page=2#ctz,iPhone 16e 256GB,JAN: 4549995559019,"新品  ¥93,000",2025-09-23 11:06:43
1758593203-31,https://mobileone.co.jp/sell.html?cat1=140&cat2=144&page=1#ctz,https://mobileone.co.jp/sell.html?cat1=140&cat2=144&page=2#ctz,iPhone 16e 512GB,JAN: 4549995559033,"新品  ¥107,000",2025-09-23 11:06:43
1758593203-32,https://mobileone.co.jp/sell.html?cat1=140&cat2=144&page=1#ctz,https://mobileone.co.jp/sell.html?cat1=140&cat2=144&page=2#ctz,iPhone 15 Pro Max 256GB,JAN: 15 Pro Max 256GB,"新品  ¥156,000",2025-09-23 11:06:43
1758593203-33,https://mobileone.co.jp/sell.html?cat1=140&cat2=144&page=1#ctz,https://mobileone.co.jp/sell.html?cat1=140&cat2=144&page=2#ctz,iPhone 15 Pro Max 512GB,JAN: 15 Pro Max 512GB,"新品  ¥168,000",2025-09-23 11:06:43
1758593203-34,https://mobileone.co.jp/sell.html?cat1=140&cat2=144&page=1#ctz,https://mobileone.co.jp/sell.html?cat1=140&cat2=144&page=2#ctz,iPhone 15 Pro Max 1TB,JAN: 15 Pro Max 1TB,"新品  ¥174,000",2025-09-23 11:06:43
1758593203-35,https://mobileone.co.jp/sell.html?cat1=140&cat2=144&page=1#ctz,https://mobileone.co.jp/sell.html?cat1=140&cat2=144&page=2#ctz,iPhone 15 Plus 128GB,JAN: 4549995431551,"新品  ¥97,500",2025-09-23 11:06:43
1758593203-36,https://mobileone.co.jp/sell.html?cat1=140&cat2=144&page=1#ctz,https://mobileone.co.jp/sell.html?cat1=140&cat2=144&page=2#ctz,iPhone 15 Plus 256GB,JAN: 4549995431803,"新品  ¥107,500",2025-09-23 11:06:43
1758593203-37,https://mobileone.co.jp/sell.html?cat1=140&cat2=144&page=1#ctz,https://mobileone.co.jp/sell.html?cat1=140&cat2=144&page=2#ctz,iPhone 15 Plus 512GB,JAN: 15 Plus 512GB,"新品  ¥113,500",2025-09-23 11:06:43
1758593203-38,https://mobileone.co.jp/sell.html?cat1=140&cat2=144&page=1#ctz,https://mobileone.co.jp/sell.html?cat1=140&cat2=144&page=2#ctz,iPhone 13 Pro Max 1TB,JAN: 13 Pro Max 1TB,"新品  ¥102,000",2025-09-23 11:06:43
1758593203-39,https://mobileone.co.jp/sell.html?cat1=140&cat2=144&page=1#ctz,https://mobileone.co.jp/sell.html?cat1=140&cat2=144&page=2#ctz,iPhone 13 Pro Max 512GB,JAN: 13 Pro Max 512GB,"新品  ¥97,000",2025-09-23 11:06:43
1758593203-40,https://mobileone.co.jp/sell.html?cat1=140&cat2=144&page=1#ctz,https://mobileone.co.jp/sell.html?cat1=140&cat2=144&page=2#ctz,iPhone 13 Pro Max 256GB,JAN: 13 Pro Max 256GB,"新品  ¥92,500",2025-09-23 11:06:43
1758593203-41,https://mobileone.co.jp/sell.html?cat1=140&cat2=144&page=1#ctz,https://mobileone.co.jp/sell.html?cat1=140&cat2=144&page=2#ctz,iPhone 13 Pro Max 128GB,JAN: 13 Pro Max 128GB,"新品  ¥87,000",2025-09-23 11:06:43
1758593203-42,https://mobileone.co.jp/sell.html?cat1=140&cat2=144&page=1#ctz,https://mobileone.co.jp/sell.html?cat1=140&cat2=144&page=2#ctz,iPhone 13 Pro 1TB,JAN: 13 Pro 1TB,"新品  ¥93,500",2025-09-23 11:06:43
1758593203-43,https://mobileone.co.jp/sell.html?cat1=140&cat2=144&page=1#ctz,https://mobileone.co.jp/sell.html?cat1=140&cat2=144&page=2#ctz,iPhone 13 Pro 512GB,JAN: 13 Pro 512GB,"新品  ¥88,000",2025-09-23 11:06:43
1758593203-44,https://mobileone.co.jp/sell.html?cat1=140&cat2=144&page=1#ctz,https://mobileone.co.jp/sell.html?cat1=140&cat2=144&page=2#ctz,iPhone 13 Pro 256GB,JAN: 13 Pro 256GB,"新品  ¥87,000",2025-09-23 11:06:43
1758593203-45,https://mobileone.co.jp/sell.html?cat1=140&cat2=144&page=1#ctz,https://mobileone.co.jp/sell.html?cat1=140&cat2=144&page=2#ctz,iPhone 13 Pro 128GB,JAN: 13 Pro 128GB,"新品  ¥82,000",2025-09-23 11:06:43
1758593203-46,https://mobileone.co.jp/sell.html?cat1=140&cat2=144&page=1#ctz,https://mobileone.co.jp/sell.html?cat1=140&cat2=144&page=2#ctz,iPhone 13 mini 512GB,JAN: 13 mini 512GB,"新品  ¥80,000",2025-09-23 11:06:43
1758593203-47,https://mobileone.co.jp/sell.html?cat1=140&cat2=144&page=1#ctz,https://mobileone.co.jp/sell.html?cat1=140&cat2=144&page=2#ctz,iPhone 13 mini 256GB,JAN: 13 mini 256GB,"新品  ¥77,000",2025-09-23 11:06:43
1758593203-48,https://mobileone.co.jp/sell.html?cat1=140&cat2=144&page=1#ctz,https://mobileone.co.jp/sell.html?cat1=140&cat2=144&page=2#ctz,iPhone 13 mini 128GB,JAN: 13 mini 128GB,"新品  ¥70,000",2025-09-23 11:06:43
1758593205-49,https://mobileone.co.jp/sell.html?cat1=140&cat2=144&page=1#ctz,https://mobileone.co.jp/sell.html?cat1=140&cat2=144&page=4#ctz,iPhone SE2 128GB,JAN: iPhone SE2 128GB,"新品  ¥20,500",2025-09-23 11:06:45
1758593205-50,https://mobileone.co.jp/sell.html?cat1=140&cat2=144&page=1#ctz,https://mobileone.co.jp/sell.html?cat1=140&cat2=144&page=4#ctz,iPhone SE2 256GB,JAN: iPhone SE2 256GB,"新品  ¥22,500",2025-09-23 11:06:45
1758593205-51,https://mobileone.co.jp/sell.html?cat1=140&cat2=144&page=1#ctz,https://mobileone.co.jp/sell.html?cat1=140&cat2=144&page=4#ctz,iPhone 16 Plus 128GB,JAN: 4549995525410,"新品  ¥107,000",2025-09-23 11:06:45
1758593205-52,https://mobileone.co.jp/sell.html?cat1=140&cat2=144&page=1#ctz,https://mobileone.co.jp/sell.html?cat1=140&cat2=144&page=4#ctz,iPhone 15 Pro 128GB,JAN: 15 Pro 128GB,"新品  ¥130,500",2025-09-23 11:06:45
1758593205-53,https://mobileone.co.jp/sell.html?cat1=140&cat2=144&page=1#ctz,https://mobileone.co.jp/sell.html?cat1=140&cat2=144&page=4#ctz,iPhone 16 Plus 256GB,JAN: 4549995525663,"新品  ¥118,000",2025-09-23 11:06:45
1758593205-54,https://mobileone.co.jp/sell.html?cat1=140&cat2=144&page=1#ctz,https://mobileone.co.jp/sell.html?cat1=140&cat2=144&page=4#ctz,iPhone 15 Pro 256GB,JAN: 15 Pro 256GB,"新品  ¥140,500",2025-09-23 11:06:45
1758593205-55,https://mobileone.co.jp/sell.html?cat1=140&cat2=144&page=1#ctz,https://mobileone.co.jp/sell.html?cat1=140&cat2=144&page=4#ctz,iPhone 16 Plus 512GB,JAN: 4549995525915,"新品  ¥126,500",2025-09-23 11:06:45
1758593205-56,https://mobileone.co.jp/sell.html?cat1=140&cat2=144&page=1#ctz,https://mobileone.co.jp/sell.html?cat1=140&cat2=144&page=4#ctz,iPhone 15 Pro 512GB,JAN: 15 Pro 512GB,"新品  ¥150,500",2025-09-23 11:06:45
1758593205-57,https://mobileone.co.jp/sell.html?cat1=140&cat2=144&page=1#ctz,https://mobileone.co.jp/sell.html?cat1=140&cat2=144&page=4#ctz,iPhone 15 Pro 1TB,JAN: 15 Pro 1TB,"新品  ¥160,500",2025-09-23 11:06:45
1758593205-58,https://mobileone.co.jp/sell.html?cat1=140&cat2=144&page=1#ctz,https://mobileone.co.jp/sell.html?cat1=140&cat2=144&page=4#ctz,iPhone 12 mini 64GB,JAN: iPhone 12 mini 64GB,"新品  ¥35,000",2025-09-23 11:06:45
1758593205-59,https://mobileone.co.jp/sell.html?cat1=140&cat2=144&page=1#ctz,https://mobileone.co.jp/sell.html?cat1=140&cat2=144&page=4#ctz,iPhone 12 mini 128GB,JAN: iPhone 12 mini 128GB,"新品  ¥40,000",2025-09-23 11:06:45
1758593205-60,https://mobileone.co.jp/sell.html?cat1=140&cat2=144&page=1#ctz,https://mobileone.co.jp/sell.html?cat1=140&cat2=144&page=4#ctz,iPhone 12 mini 256GB,JAN: iPhone 12 mini 256GB,"新品  ¥45,000",2025-09-23 11:06:45
1758593205-61,https://mobileone.co.jp/sell.html?cat1=140&cat2=144&page=1#ctz,https://mobileone.co.jp/sell.html?cat1=140&cat2=144&page=4#ctz,iPhone 12 256GB,JAN: iPhone 12 256GB,"新品  ¥55,000",2025-09-23 11:06:45
1758593205-62,https://mobileone.co.jp/sell.html?cat1=140&cat2=144&page=1#ctz,https://mobileone.co.jp/sell.html?cat1=140&cat2=144&page=4#ctz,iPhone 12 128GB,JAN: iPhone 12 128GB,"新品  ¥50,000",2025-09-23 11:06:45
1758593205-63,https://mobileone.co.jp/sell.html?cat1=140&cat2=144&page=1#ctz,https://mobileone.co.jp/sell.html?cat1=140&cat2=144&page=4#ctz,iPhone 12 64GB,JAN: iPhone 12 64GB,"新品  ¥45,000",2025-09-23 11:06:45
1758593205-64,https://mobileone.co.jp/sell.html?cat1=140&cat2=144&page=1#ctz,https://mobileone.co.jp/sell.html?cat1=140&cat2=144&page=4#ctz,iPhone 12 Pro 128GB/256GB/512GB,JAN: iPhone 12 Pro,"新品  ¥60,000",2025-09-23 11:06:45
1758593205-65,https://mobileone.co.jp/sell.html?cat1=140&cat2=144&page=1#ctz,https://mobileone.co.jp/sell.html?cat1=140&cat2=144&page=4#ctz,iPhone 12 Pro Max 128GB/256GB/512GB,JAN: iPhone 12 Pro Max,"新品  ¥72,000",2025-09-23 11:06:45
1758593205-66,https://mobileone.co.jp/sell.html?cat1=140&cat2=144&page=1#ctz,https://mobileone.co.jp/sell.html?cat1=140&cat2=144&page=4#ctz,iPhone 15 256GB,JAN: 4549995430493,"新品  ¥95,000",2025-09-23 11:06:45
1758593205-67,https://mobileone.co.jp/sell.html?cat1=140&cat2=144&page=1#ctz,https://mobileone.co.jp/sell.html?cat1=140&cat2=144&page=4#ctz,iPhone 15 512GB,JAN: 4549995430592,"新品  ¥106,000",2025-09-23 11:06:45
1758593208-68,https://mobileone.co.jp/sell.html?cat1=140&cat2=144&page=1#ctz,https://mobileone.co.jp/sell.html?cat1=140&cat2=144&page=4,iPhone SE2 128GB,JAN: iPhone SE2 128GB,"新品  ¥20,500",2025-09-23 11:06:48
1758593208-69,https://mobileone.co.jp/sell.html?cat1=140&cat2=144&page=1#ctz,https://mobileone.co.jp/sell.html?cat1=140&cat2=144&page=4,iPhone SE2 256GB,JAN: iPhone SE2 256GB,"新品  ¥22,500",2025-09-23 11:06:48
1758593208-70,https://mobileone.co.jp/sell.html?cat1=140&cat2=144&page=1#ctz,https://mobileone.co.jp/sell.html?cat1=140&cat2=144&page=4,iPhone 16 Plus 128GB,JAN: 4549995525410,"新品  ¥107,000",2025-09-23 11:06:48
1758593208-71,https://mobileone.co.jp/sell.html?cat1=140&cat2=144&page=1#ctz,https://mobileone.co.jp/sell.html?cat1=140&cat2=144&page=4,iPhone 15 Pro 128GB,JAN: 15 Pro 128GB,"新品  ¥130,500",2025-09-23 11:06:48
1758593208-72,https://mobileone.co.jp/sell.html?cat1=140&cat2=144&page=1#ctz,https://mobileone.co.jp/sell.html?cat1=140&cat2=144&page=4,iPhone 16 Plus 256GB,JAN: 4549995525663,"新品  ¥118,000",2025-09-23 11:06:48
1758593208-73,https://mobileone.co.jp/sell.html?cat1=140&cat2=144&page=1#ctz,https://mobileone.co.jp/sell.html?cat1=140&cat2=144&page=4,iPhone 15 Pro 256GB,JAN: 15 Pro 256GB,"新品  ¥140,500",2025-09-23 11:06:48
1758593208-74,https://mobileone.co.jp/sell.html?cat1=140&cat2=144&page=1#ctz,https://mobileone.co.jp/sell.html?cat1=140&cat2=144&page=4,iPhone 16 Plus 512GB,JAN: 4549995525915,"新品  ¥126,500",2025-09-23 11:06:48
1758593208-75,https://mobileone.co.jp/sell.html?cat1=140&cat2=144&page=1#ctz,https://mobileone.co.jp/sell.html?cat1=140&cat2=144&page=4,iPhone 15 Pro 512GB,JAN: 15 Pro 512GB,"新品  ¥150,500",2025-09-23 11:06:48
1758593208-76,https://mobileone.co.jp/sell.html?cat1=140&cat2=144&page=1#ctz,https://mobileone.co.jp/sell.html?cat1=140&cat2=144&page=4,iPhone 15 Pro 1TB,JAN: 15 Pro 1TB,"新品  ¥160,500",2025-09-23 11:06:48
1758593208-77,https://mobileone.co.jp/sell.html?cat1=140&cat2=144&page=1#ctz,https://mobileone.co.jp/sell.html?cat1=140&cat2=144&page=4,iPhone 12 mini 64GB,JAN: iPhone 12 mini 64GB,"新品  ¥35,000",2025-09-23 11:06:48
1758593208-78,https://mobileone.co.jp/sell.html?cat1=140&cat2=144&page=1#ctz,https://mobileone.co.jp/sell.html?cat1=140&cat2=144&page=4,iPhone 12 mini 128GB,JAN: iPhone 12 mini 128GB,"新品  ¥40,000",2025-09-23 11:06:48
1758593208-79,https://mobileone.co.jp/sell.html?cat1=140&cat2=144&page=1#ctz,https://mobileone.co.jp/sell.html?cat1=140&cat2=144&page=4,iPhone 12 mini 256GB,JAN: iPhone 12 mini 256GB,"新品  ¥45,000",2025-09-23 11:06:48
1758593208-80,https://mobileone.co.jp/sell.html?cat1=140&cat2=144&page=1#ctz,https://mobileone.co.jp/sell.html?cat1=140&cat2=144&page=4,iPhone 12 256GB,JAN: iPhone 12 256GB,"新品  ¥55,000",2025-09-23 11:06:48
1758593208-81,https://mobileone.co.jp/sell.html?cat1=140&cat2=144&page=1#ctz,https://mobileone.co.jp/sell.html?cat1=140&cat2=144&page=4,iPhone 12 128GB,JAN: iPhone 12 128GB,"新品  ¥50,000",2025-09-23 11:06:48
1758593208-82,https://mobileone.co.jp/sell.html?cat1=140&cat2=144&page=1#ctz,https://mobileone.co.jp/sell.html?cat1=140&cat2=144&page=4,iPhone 12 64GB,JAN: iPhone 12 64GB,"新品  ¥45,000",2025-09-23 11:06:48
1758593208-83,https://mobileone.co.jp/sell.html?cat1=140&cat2=144&page=1#ctz,https://mobileone.co.jp/sell.html?cat1=140&cat2=144&page=4,iPhone 12 Pro 128GB/256GB/512GB,JAN: iPhone 12 Pro,"新品  ¥60,000",2025-09-23 11:06:48
1758593208-84,https://mobileone.co.jp/sell.html?cat1=140&cat2=144&page=1#ctz,https://mobileone.co.jp/sell.html?cat1=140&cat2=144&page=4,iPhone 12 Pro Max 128GB/256GB/512GB,JAN: iPhone 12 Pro Max,"新品  ¥72,000",2025-09-23 11:06:48
1758593208-85,https://mobileone.co.jp/sell.html?cat1=140&cat2=144&page=1#ctz,https://mobileone.co.jp/sell.html?cat1=140&cat2=144&page=4,iPhone 15 256GB,JAN: 4549995430493,"新品  ¥95,000",2025-09-23 11:06:48
1758593208-86,https://mobileone.co.jp/sell.html?cat1=140&cat2=144&page=1#ctz,https://mobileone.co.jp/sell.html?cat1=140&cat2=144&page=4,iPhone 15 512GB,JAN: 4549995430592,"新品  ¥106,000",2025-09-23 11:06:48
